Strategy,Total Trades,Win Rate (%),Average P&L,Sharpe Ratio
rsi_divergence,18,100.0,6530.006666666667,24.560730927156726
mean_reversion,42,100.0,5008.721904761905,18.916277140530607
gaussian_macd,46,39.130434782608695,337.6865217391302,0.6968999236939257
trend_following,38,26.31578947368421,-3233.6284210526314,-10.473455404559038
breakout,20,0.0,-6804.434000000003,-20.77549769556457
