{
    "FastMA": 5.0,
    "SlowMA": 100.0,
    "RSI": 50.0,
    "Sharpe": 0.8880232439464458,
    "WinRate": 51.71102661596958,
    "CumulativeReturn": 10.781286353393444
}