Strategy,Sharpe,Win Rate,Avg P&L
breakout,-20.77549769556457,0.0,-6804.434000000003
