Strategy,Sharpe,Win Rate,Avg P&L
gaussian_macd,0.6968999236939257,39.130434782608695,337.6865217391302
