Strategy,Sharpe,Win Rate,Avg P&L
gaussian_macd,0.6891130879674633,39.130434782608695,337.68652173913017
