Strategy,Sharpe,Win Rate,Avg P&L
mean_reversion,18.684166790128153,100.0,5008.7219047619055
