Strategy,Sharpe,Win Rate,Avg P&L
mean_reversion,18.916277140530607,100.0,5008.721904761905
