Strategy,Sharpe,Win Rate,Avg P&L
rsi_divergence,24.560730927156726,100.0,6530.006666666667
