Strategy,Sharpe,Win Rate,Avg P&L
rsi_divergence,25.73814802426571,100.0,6167.766666666666
