Strategy,Sharpe,Win Rate,Avg P&L
trend_following,-10.473455404559038,26.31578947368421,-3233.6284210526314
