Strategy,Sharpe,Win Rate,Avg P&L
trend_following,-10.330952772583963,26.31578947368421,-3233.628421052632
